"global_id";"Code";"Category";"FullName";"ShortName";"OrgInfo";"ObjectAddress";"ChiefName";"ChiefPosition";"ChiefGender";"ChiefPhone";"PublicPhone";"Fax";"Email";"CloseFlag";"CloseReason";"CloseDate";"ReopenDate";"BedSpace";"PaidServiceInfo";"WorkingHours";"ClarificationWorkingHours";"Specialization";"BeneficialDrugPrescription";"DrugStore";"AmbulanceStation";"AmbulanceStationPhone";"DoctorsSpecialtiesList";"DoctorSpecialitesList";"Extrainfo";"AgeRestriction";"DrugStoreType";"EntryState";"geoData";"geodata_center";
"global_id";"Код";"Категория";"Полное наименование";"Сокращённое наименование";"Информация о юридическом лице";"Адреса объекта";"ФИО руководителя";"Должность руководителя";"Пол руководителя";"Телефон руководителя";"Общий телефон";"Факс";"Адрес электронной почты";"Признак закрытия";"Причина закрытия";"Дата закрытия";"Дата повторного открытия";"Коечный фонд";"Информация о платных услугах";"График работы";"Уточнение графика работы";"Информация о специализации";"Дополнительное лекарственное обеспечение";"Наличие аптечного киоска";"Наличие станции неотложной помощи";"Перечень телефонов неотложной помощи";"Перечень специальностей врачей (для самозаписи)";"Перечень специальностей врачей (старый)";"Дополнительная информация";"Возрастные ограничения";"Тип аптеки";"Состояние записи";"geoData";"geodata_center";
"656106175";"";"Стоматологическая поликлиника взрослая";"Государственное автономное учреждение здравоохранения города Москвы «Стоматологическая поликлиника № 7 Департамента здравоохранения города Москвы»";"ГАУЗ СП № 7 ДЗМ";"nested data";"nested data";"Гукасов Борис Левонович";"главный врач";"мужской";"nested data";"nested data";"nested data";"nested data";"действует";"";"";"";"";"оказываются";"nested data";"";"";"";"нет";"нет";"nested data";"";"nested data";"Проезд: м. «Ленинский проспект», две остановки на любом троллейбусе от центра, далее 5 мин. пешком.";"взрослое";"";"";"{coordinates=[[37.569961114, 55.702809742]], type=MultiPoint}";"";
"656106187";"";"Стоматологическая поликлиника взрослая";"Государственное автономное учреждение здравоохранения города Москвы «Стоматологическая поликлиника № 24 Департамента здравоохранения города Москвы». Ортопедическое отделение";"ГАУЗ СП № 24 ДЗМ. Ортопедическое отделение";"nested data";"nested data";"Гринев Андрей Валентинович";"главный врач";"мужской";"nested data";"nested data";"nested data";"nested data";"действует";"";"";"";"";"отсутствуют";"nested data";"";"";"";"нет";"нет";"nested data";"";"nested data";"";"";"";"";"{coordinates=[[37.607236977, 55.654531979]], type=MultiPoint}";"{coordinates=[37.607236977, 55.654531979], type=Point}";
"656106198";"";"Стоматологическая поликлиника взрослая";"Государственное бюджетное учреждение здравоохранения города Москвы «Щербинская больница Департамента здравоохранения города Москвы». Стоматологическая поликлиника";"ГБУЗ ЩГБ ДЗМ. Стоматологическая поликлиника";"nested data";"nested data";"Лисицина Елена Вадимовна";"главный врач";"женский";"nested data";"nested data";"nested data";"nested data";"действует";"";"";"";"";"оказываются";"nested data";"";"";"";"нет";"нет";"nested data";"";"nested data";"";"";"";"";"{coordinates=[[37.56620293, 55.500566557]], type=MultiPoint}";"{coordinates=[37.56620293, 55.500566557], type=Point}";
"656106225";"";"Стоматологическая поликлиника взрослая";"Государственное автономное учреждение здравоохранения города Москвы «Стоматологическая поликлиника № 19 Департамента здравоохранения города Москвы»";"ГАУЗ СП № 19 ДЗМ";"nested data";"nested data";"Остроухова Алла Александровна";"главный врач";"женский";"nested data";"nested data";"nested data";"nested data";"действует";"";"";"";"";"оказываются";"nested data";"";"";"";"нет";"нет";"nested data";"";"nested data";"Проезд: м. «Фрунзенская».
От станции метро &quot;Парк Культуры&quot; ( 10 минут пешком).";"взрослое";"";"";"{coordinates=[[37.580827735, 55.731930131]], type=MultiPoint}";"{coordinates=[37.580827735, 55.731930131], type=Point}";
"656106258";"";"Стоматологическая поликлиника взрослая";"Государственное автономное учреждение здравоохранения города Москвы «Стоматологическая поликлиника № 3 Департамента здравоохранения города Москвы»";"ГАУЗ СП № 3 ДЗМ";"nested data";"nested data";"Могучева Людмила Викторовна";"исполняющий обязанности главного врача";"женский";"nested data";"nested data";"nested data";"nested data";"действует";"";"";"";"";"оказываются";"nested data";"";"";"";"нет";"нет";"nested data";"";"nested data";"Проезд:ст.м.Серпуховская,с выходом к экономической Академии им.Плеханова";"взрослое";"";"";"{coordinates=[[37.629310778, 55.725878624]], type=MultiPoint}";"";
"656106329";"";"Стоматологическая поликлиника взрослая";"Государственное автономное учреждение здравоохранения города Москвы «Стоматологическая поликлиника № 22 Департамента здравоохранения города Москвы». Ортопедическое отделение";"ГАУЗ СП № 22 ДЗМ. Ортопедическое отделение";"nested data";"nested data";"Зимин Павел Игоревич";"главный врач";"мужской";"nested data";"nested data";"nested data";"nested data";"действует";"";"";"";"";"оказываются";"nested data";"";"";"";"нет";"нет";"nested data";"";"nested data";"";"взрослое";"";"";"{coordinates=[[37.782602674, 55.752765755]], type=MultiPoint}";"{coordinates=[37.782602674, 55.752765755], type=Point}";
"656106392";"";"Стоматологическая поликлиника взрослая";"Государственное автономное учреждение здравоохранения города Москвы «Стоматологическая поликлиника № 33 Департамента здравоохранения города Москвы»";"ГАУЗ СП № 33 ДЗМ";"nested data";"nested data";"Непряхина Галина Владимировна";"главный врач";"женский";"nested data";"nested data";"nested data";"nested data";"действует";"";"";"";"";"оказываются";"nested data";"суббота (дежурная) прием по острой боли с 9.00 до 18.00";"";"";"нет";"нет";"nested data";"";"nested data";"Проезд: м. Новослободская&quot;, &quot;Менделеевская&quot;, далее трол. 3, 47 до остановки &quot;Лесная улица&quot;.
трамваем №19 до остановки &quot;Тихвинский переулок&quot;.";"";"";"";"{coordinates=[[37.599727101, 55.787545918]], type=MultiPoint}";"{coordinates=[37.599727101, 55.787545918], type=Point}";
"656106458";"";"Стоматологическая поликлиника взрослая";"Государственное автономное учреждение здравоохранения города Москвы «Стоматологическая поликлиника № 53 Департамента здравоохранения города Москвы». Стоматологическое отделение № 1";"ГАУЗ СП № 53 ДЗМ. Стоматологическое отделение № 1";"nested data";"nested data";"Колтунов Дмитрий Ефимович";"главный врач";"мужской";"nested data";"nested data";"nested data";"nested data";"действует";"";"";"";"";"отсутствуют";"nested data";"в выходные и праздничные дни с 8:00 до 20:00 неотложная помощь жителям";"";"";"нет";"да";"nested data";"";"nested data";"";"";"";"";"{coordinates=[[37.65011056, 55.765420482]], type=MultiPoint}";"{coordinates=[37.65011056, 55.765420482], type=Point}";
"656106459";"";"Стоматологическая поликлиника взрослая";"Государственное автономное учреждение здравоохранения города Москвы «Стоматологическая поликлиника № 11 Департамента здравоохранения города Москвы». Стоматологическое отделение № 2";"ГАУЗ СП № 11 ДЗМ. Стоматологическое отделение № 2";"nested data";"nested data";"Зубкова Яна Юрьевна";"главный врач";"женский";"nested data";"nested data";"nested data";"nested data";"действует";"";"";"";"";"оказываются";"nested data";"";"";"";"нет";"нет";"nested data";"";"nested data";"";"взрослое";"";"";"{coordinates=[[37.512597754, 55.874748576]], type=MultiPoint}";"{coordinates=[37.512597754, 55.874748576], type=Point}";
"656106460";"";"Стоматологическая поликлиника взрослая";"Государственное автономное учреждение здравоохранения города Москвы «Стоматологическая поликлиника № 4 Департамента здравоохранения города Москвы»";"ГАУЗ СП № 4 ДЗМ";"nested data";"nested data";"Аперян Манвел Седракович";"главный врач";"мужской";"nested data";"nested data";"nested data";"nested data";"действует";"";"";"";"";"оказываются";"nested data";"";"";"";"нет";"нет";"nested data";"";"nested data";"";"взрослое";"";"";"{coordinates=[[37.741624372, 55.731030114]], type=MultiPoint}";"{coordinates=[37.741624372, 55.731030114], type=Point}";
"656106509";"";"Стоматологическая поликлиника взрослая";"Государственное автономное учреждение здравоохранения города Москвы «Стоматологическая поликлиника № 23 Департамента здравоохранения города Москвы». Подразделение «Новопеределкино»";"ГАУЗ СП № 23 ДЗМ. Подразделение «Новопеределкино»";"nested data";"nested data";"Тер-Абрамян Давид Рубенович";"главный врач";"мужской";"nested data";"nested data";"nested data";"nested data";"действует";"";"";"";"";"";"nested data";"Суббота: с 9:00 до 15:00 (только терапевтические услуги)";"";"";"нет";"нет";"nested data";"";"nested data";"";"";"";"";"{coordinates=[[37.339807167, 55.638850422]], type=MultiPoint}";"";
"656106527";"";"Стоматологическая поликлиника взрослая";"Государственное автономное учреждение здравоохранения города Москвы «Стоматологическая поликлиника № 62 Департамента здравоохранения города Москвы»";"ГАУЗ СП № 62 ДЗМ";"nested data";"nested data";"Новоземцева Татьяна Николаевна";"главный врач";"женский";"nested data";"nested data";"nested data";"nested data";"действует";"";"";"";"";"оказываются";"nested data";"В воскресные и праздничные дни неотложная стоматологическая помощь с 8.00 до 20.00";"";"";"нет";"нет";"nested data";"";"nested data";"Проезд на метро:м.«Царицыно», первый вагон из центра, выход из перехода направо-направо, далее идти 200 метров по ул.Каспийская, обойдя Царицынский рынок слева";"взрослое";"";"";"{coordinates=[[37.665592619, 55.618149596]], type=MultiPoint}";"";
"656106545";"";"Стоматологическая поликлиника взрослая";"Государственное автономное учреждение здравоохранения города Москвы «Стоматологическая поликлиника № 67 Департамента здравоохранения города Москвы»";"ГАУЗ СП № 67 ДЗМ";"nested data";"nested data";"Гаджиев Сеймур Садигович";"главный врач";"мужской";"nested data";"nested data";"nested data";"nested data";"действует";"";"";"";"";"оказываются";"nested data";"";"";"";"нет";"нет";"nested data";"";"nested data";"Проезд: Станция метро Новокосино, далее автобус 792 до остановки «Лицей», автобус 21 до остановки «ул. Новокосинская, 27» или пешком до ул. Новокосинская, дом. 24 Б От станции метро Выхино, далее автобус 706 до остановки «улица Южная, 15», далее пешком 10 – 15 мин.";"взрослое";"";"";"{coordinates=[[37.863655469, 55.739212685]], type=MultiPoint}";"";
"656106637";"";"Стоматологическая поликлиника взрослая";"Государственное автономное учреждение здравоохранения города Москвы «Стоматологическая поликлиника № 66 Департамента здравоохранения города Москвы»";"ГАУЗ СП № 66 ДЗМ";"nested data";"nested data";"Баштовой Алексей Александрович";"главный врач";"мужской";"nested data";"nested data";"nested data";"nested data";"действует";"";"";"";"";"оказываются";"nested data";"";"";"";"нет";"нет";"nested data";"";"nested data";"Проезд: м.Пролетарская, Волгоградский пр-т, Марксистская. Проехать от м.Пролетарская. 1 вагон из центра далее пешком 5 минут вдоль Волгоградского пр-та в сторону области. от м. Марксистская далее троллейбус №27 до остановки Большой Симоновский переулок.";"взрослое";"";"";"{coordinates=[[37.674889477, 55.728325659]], type=MultiPoint}";"";
"656106660";"";"Стоматологическая поликлиника взрослая";"Государственное автономное учреждение здравоохранения города Москвы «Стоматологическая поликлиника № 13 Департамента здравоохранения города Москвы». Ортопедическое отделение";"ГАУЗ СП № 13 ДЗМ. Ортопедическое отделение";"nested data";"nested data";"Филина Екатерина Анатольевна";"главный врач";"женский";"nested data";"nested data";"nested data";"nested data";"действует";"";"";"";"";"отсутствуют";"nested data";"";"";"";"нет";"нет";"nested data";"";"nested data";"";"";"";"";"{coordinates=[[37.720901878, 55.744964187]], type=MultiPoint}";"";
"656106746";"";"Стоматологическая поликлиника взрослая";"Государственное автономное учреждение здравоохранения города Москвы «Стоматологическая поликлиника № 32 Департамента здравоохранения города Москвы»";"ГАУЗ СП № 32 ДЗМ";"nested data";"nested data";"Уманская Наталия Гульвардовна";"главный врач";"женский";"nested data";"nested data";"nested data";"nested data";"действует";"";"";"";"";"оказываются";"nested data";"";"";"";"нет";"нет";"nested data";"";"nested data";"Детское стоматологическое отделение (ДСО), ул. Магаданская д. 12";"взрослое";"";"";"{coordinates=[[37.652963155, 55.869217108]], type=MultiPoint}";"{coordinates=[37.652963155, 55.869217108], type=Point}";
"656106806";"";"Стоматологическая поликлиника взрослая";"Государственное автономное учреждение здравоохранения города Москвы «Стоматологическая поликлиника № 50 Департамента здравоохранения города Москвы»";"ГАУЗ СП № 50 ДЗМ";"nested data";"nested data";"Коваленко Анна Юрьевна";"главный врач";"женский";"nested data";"nested data";"nested data";"nested data";"действует";"";"";"";"";"оказываются";"nested data";"";"";"";"нет";"да";"nested data";"";"nested data";"";"взрослое";"";"";"{coordinates=[[37.664661104, 55.78143677]], type=MultiPoint}";"";
"656106807";"";"Стоматологическая поликлиника взрослая";"Государственное автономное учреждение здравоохранения города Москвы «Стоматологическая поликлиника № 22 Департамента здравоохранения города Москвы»";"ГАУЗ СП № 22 ДЗМ";"nested data";"nested data";"Зимин Павел Игоревич";"главный врач";"мужской";"nested data";"nested data";"nested data";"nested data";"действует";"";"";"";"";"оказываются";"nested data";"Часы работы ортопедического отделения: 
ежедневно с 8.00 до 20.00, 
суббота с 9.00 до 18.00";"";"";"нет";"нет";"nested data";"";"nested data";"Ортопедическое отделение: 111141, 2-я Владимирская ул., д. 30, корп. 1. Регистратура (495) 672-96-44";"взрослое";"";"";"{coordinates=[[37.779262806, 55.749435402]], type=MultiPoint}";"{coordinates=[37.779262806, 55.749435402], type=Point}";
"656106835";"";"Стоматологическая поликлиника взрослая";"Государственное автономное учреждение здравоохранения города Москвы «Стоматологическая поликлиника № 11 Департамента здравоохранения города Москвы». Стоматологическое отделение № 1";"ГАУЗ СП № 11 ДЗМ. Стоматологическое отделение № 1";"nested data";"nested data";"Зубкова Яна Юрьевна";"главный врач";"женский";"nested data";"nested data";"nested data";"nested data";"действует";"";"";"";"";"оказываются";"nested data";"";"";"";"нет";"да";"nested data";"";"nested data";"С острой болью Вас примут без предварительной записи (по обращаемости). Проезд до станции метро &quot;Савеловская&quot;.";"взрослое";"";"";"{coordinates=[[37.581310074, 55.795708324]], type=MultiPoint}";"{coordinates=[37.581310074, 55.795708324], type=Point}";
"656106836";"";"Стоматологическая поликлиника взрослая";"Государственное автономное учреждение здравоохранения города Москвы «Стоматологическая поликлиника № 13 Департамента здравоохранения города Москвы»";"ГАУЗ СП № 13 ДЗМ";"nested data";"nested data";"Филина Екатерина Анатольевна";"главный врач";"женский";"nested data";"nested data";"nested data";"nested data";"действует";"";"";"";"";"оказываются";"nested data";"";"";"";"нет";"нет";"nested data";"";"nested data";"";"";"";"";"{coordinates=[[37.715188187, 55.756602939]], type=MultiPoint}";"";
"656106857";"";"Стоматологическая поликлиника взрослая";"Государственное автономное учреждение здравоохранения города Москвы «Стоматологическая поликлиника № 12 Департамента здравоохранения города Москвы»";"ГАУЗ СП № 12 ДЗМ";"nested data";"nested data";"Шляхтыч Елена Адамовна";"главный врач";"женский";"nested data";"nested data";"nested data";"nested data";"действует";"";"";"";"";"оказываются";"nested data";"";"";"";"нет";"нет";"nested data";"";"nested data";"Проезд: ст. м. &quot;Петровско-Разумовская&quot;, далее авт. 677,149,170 до ост. &quot;АТС&quot";"взрослое";"";"";"{coordinates=[[37.566086833, 55.864824759]], type=MultiPoint}";"";
"656106901";"";"Стоматологическая поликлиника взрослая";"Государственное автономное учреждение здравоохранения города Москвы «Стоматологическая поликлиника № 2 Департамента здравоохранения города Москвы»";"ГАУЗ СП № 2 ДЗМ";"nested data";"nested data";"Головичева Людмила Владимировна";"главный врач";"женский";"nested data";"nested data";"nested data";"nested data";"действует";"";"";"";"";"оказываются";"nested data";"";"";"";"нет";"нет";"nested data";"";"nested data";"";"взрослое";"";"";"{coordinates=[[37.515419957, 55.67438698]], type=MultiPoint}";"{coordinates=[37.515419957, 55.67438698], type=Point}";
"656106997";"";"Стоматологическая поликлиника взрослая";"Государственное автономное учреждение здравоохранения города Москвы «Стоматологическая поликлиника № 53 Департамента здравоохранения города Москвы». Стоматологическое отделение № 2";"ГАУЗ СП № 53 ДЗМ. Стоматологическое отделение № 2";"nested data";"nested data";"Колтунов Дмитрий Ефимович";"главный врач";"мужской";"nested data";"nested data";"nested data";"nested data";"действует";"";"";"";"";"отсутствуют";"nested data";"";"";"";"нет";"да";"nested data";"";"nested data";"";"";"";"";"{coordinates=[[37.640150026, 55.756436595]], type=MultiPoint}";"{coordinates=[37.640150026, 55.756436595], type=Point}";
"656107065";"";"Стоматологическая поликлиника взрослая";"Государственное автономное учреждение здравоохранения города Москвы «Стоматологическая поликлиника № 24 Департамента здравоохранения города Москвы»";"ГАУЗ СП № 24 ДЗМ";"nested data";"nested data";"Гринев Андрей Валентинович";"главный врач";"мужской";"nested data";"nested data";"nested data";"nested data";"действует";"";"";"";"";"Платные услуги (терапия, хирургия, ортопедия в полном объеме с использованием современных материалов и технологий, импортная анестезия) оказываются всем обратившимся вне зависимости от проживания и гражданства.";"nested data";"";"";"";"нет";"нет";"nested data";"";"nested data";"";"взрослое";"";"";"{coordinates=[[37.607179244, 55.653877341]], type=MultiPoint}";"{coordinates=[37.607179244, 55.653877341], type=Point}";
"656107108";"";"Стоматологическая поликлиника взрослая";"Государственное автономное учреждение здравоохранения города Москвы «Стоматологическая поликлиника № 14 Департамента здравоохранения города Москвы»";"ГАУЗ СП № 14 ДЗМ";"nested data";"nested data";"Винтина Елена Арнольдовна";"главный врач";"женский";"nested data";"nested data";"nested data";"nested data";"действует";"";"";"";"";"оказываются";"nested data";"";"";"";"нет";"нет";"nested data";"";"nested data";"Проезд: м. &quot;Сходненская&quot;, трам. 6 до ост. &quot;ул. Мещерякова&quot;.";"взрослое";"";"";"{coordinates=[[37.452523032, 55.831536149]], type=MultiPoint}";"{coordinates=[37.452523032, 55.831536149], type=Point}";
"656107229";"";"Стоматологическая поликлиника взрослая";"Государственное автономное учреждение здравоохранения города Москвы «Стоматологическая поликлиника № 49 Департамента здравоохранения города Москвы»";"ГАУЗ СП № 49 ДЗМ";"nested data";"nested data";"Аверина Светлана Дмитриевна";"главный врач";"женский";"nested data";"nested data";"nested data";"nested data";"действует";"";"";"";"";"оказываются";"nested data";"";"";"";"нет";"нет";"nested data";"";"nested data";"Проезд: м. Водный стадион, далеее авт. № 65 до остановки &quot;Солнечногосская ул. 15&quot;.";"взрослое";"";"";"{coordinates=[[37.524202761, 55.859696307]], type=MultiPoint}";"";
"656107276";"";"Стоматологическая поликлиника взрослая";"Государственное автономное учреждение здравоохранения города Москвы «Стоматологическая поликлиника № 15 Департамента здравоохранения города Москвы»";"ГАУЗ СП № 15 ДЗМ";"nested data";"nested data";"Мелехин Дмитрий Николаевич";"исполняющий обязанности главного врача";"мужской";"nested data";"nested data";"nested data";"nested data";"действует";"";"";"";"";"оказываются";"nested data";"только неотложная стоматологическая помощь: Суббота с 08:00 до 09:00 и с 18:00 до 20:00,в воскресные и праздничные дни работает отделение неотложной помощи с 8 до 20.00";"";"";"нет";"да";"nested data";"";"nested data";"Проезд: м. &quot;Алексеевская&quot;, далее пешком 3-5 минут.";"взрослое";"";"";"{coordinates=[[37.640211037, 55.809588113]], type=MultiPoint}";"";
"656107294";"";"Стоматологическая поликлиника взрослая";"Государственное автономное учреждение здравоохранения города Москвы «Стоматологическая поликлиника № 34 Департамента здравоохранения города Москвы»";"ГАУЗ СП № 34 ДЗМ";"nested data";"nested data";"Крутер Ирина Викторовна";"главный врач";"женский";"nested data";"nested data";"nested data";"nested data";"действует";"";"";"";"";"оказываются";"nested data";"";"";"";"нет";"нет";"nested data";"";"nested data";"Проезд: м. &quot;Волжская&quot;, &quot;Текстильщики&quot;, авт. &quot;В &quot;, 231, трол. 27, 38, 74.";"взрослое";"";"";"{coordinates=[[37.747647149, 55.694690842]], type=MultiPoint}";"{coordinates=[37.747647149, 55.694690842], type=Point}";
"656107296";"";"Стоматологическая поликлиника взрослая";"Государственное автономное учреждение здравоохранения города Москвы «Стоматологическая поликлиника № 8 Департамента здравоохранения города Москвы»";"ГАУЗ СП № 8 ДЗМ";"nested data";"nested data";"Цатурова Юлия Владиславовна";"главный врач";"женский";"nested data";"nested data";"nested data";"nested data";"действует";"";"";"";"";"оказываются";"nested data";"";"";"";"нет";"да";"nested data";"";"nested data";"Проезд: м. Первомайская, далее пешком.";"взрослое";"";"";"{coordinates=[[37.794353516, 55.794844108]], type=MultiPoint}";"{coordinates=[37.794353516, 55.794844108], type=Point}";
"656107328";"";"Стоматологическая поликлиника взрослая";"Государственное автономное учреждение здравоохранения города Москвы «Стоматологическая поликлиника № 5 Департамента здравоохранения города Москвы»";"ГАУЗ СП № 5 ДЗМ";"nested data";"nested data";"Абаев Зоинбек Мюратович";"главный врач";"мужской";"nested data";"nested data";"nested data";"nested data";"действует";"";"";"";"";"оказываются";"nested data";"По выходным и праздничным дням неотложная стоматологическая помощь оказывается всему взрослому населению независимо от места жительства.";"";"";"нет";"да";"nested data";"";"nested data";"";"взрослое";"";"";"{coordinates=[[37.417155354, 55.771368141]], type=MultiPoint}";"{coordinates=[37.417155354, 55.771368141], type=Point}";
"656107399";"";"Стоматологическая поликлиника взрослая";"Государственное автономное учреждение здравоохранения города Москвы «Стоматологическая поликлиника № 23 Департамента здравоохранения города Москвы»";"ГАУЗ СП № 23 ДЗМ";"nested data";"nested data";"Тер-Абрамян Давид Рубенович";"главный врач";"мужской";"nested data";"nested data";"nested data";"nested data";"действует";"";"";"";"";"оказываются";"nested data";"";"";"";"нет";"нет";"nested data";"";"nested data";"";"взрослое";"";"";"{coordinates=[[37.563155929, 55.745545607]], type=MultiPoint}";"{coordinates=[37.563155929, 55.745545607], type=Point}";
"656107453";"";"Стоматологическая поликлиника взрослая";"Государственное автономное учреждение здравоохранения города Москвы «Стоматологическая поликлиника № 9 Департамента здравоохранения города Москвы»";"ГАУЗ СП № 9 ДЗМ";"nested data";"nested data";"Иванникова Марина Викторовна";"главный врач";"женский";"nested data";"nested data";"nested data";"nested data";"действует";"";"";"";"";"оказываются";"nested data";"";"";"";"нет";"нет";"nested data";"";"nested data";"Проезд: м. Войковская, 1-ый вагон из центра, выход к к/т &quot;Варшава&quot;, далее авт. 179, 191, 204, 282 до ост. &quot;к/т &quot;Рассвет&quot";"взрослое";"";"";"{coordinates=[[37.516342008, 55.822047858]], type=MultiPoint}";"";
"656107454";"";"Стоматологическая поликлиника взрослая";"Государственное автономное учреждение здравоохранения города Москвы «Стоматологическая поликлиника № 64 Департамента здравоохранения города Москвы»";"ГАУЗ СП № 64 ДЗМ";"nested data";"nested data";"Ефремова Елизавета Владимировна";"главный врач";"женский";"nested data";"nested data";"nested data";"nested data";"действует";"";"";"";"";"оказываются";"nested data";"пн-пт по платным услугам с 08.00-22.00";"";"";"нет";"да";"nested data";"";"nested data";"Проезд: станция метро Бульвар Дмитрия Донского, пешком 2-3 минуты";"взрослое";"";"";"{coordinates=[[37.579129018, 55.568705368]], type=MultiPoint}";"";
"656107505";"";"Стоматологическая поликлиника взрослая";"Государственное автономное учреждение здравоохранения города Москвы «Стоматологическая поликлиника № 51 Департамента здравоохранения города Москвы»";"ГАУЗ СП № 51 ДЗМ";"nested data";"nested data";"Басова Александра Анатольевна";"главный врач";"женский";"nested data";"nested data";"nested data";"nested data";"действует";"";"";"";"";"оказываются";"nested data";"в выходные и праздничные дни работает отделение неотложной помощи с 8 до 20.00";"";"";"нет";"да";"nested data";"";"nested data";"Отделение Неотложной стоматологической помощи 8 (499) 356-13-31";"взрослое";"";"";"{coordinates=[[37.717877903, 55.649806678]], type=MultiPoint}";"";
"656107506";"";"Стоматологическая поликлиника взрослая";"Государственное автономное учреждение здравоохранения города Москвы «Стоматологическая поликлиника № 23 Департамента здравоохранения города Москвы». Ортопедическое отделение";"ГАУЗ СП № 23 ДЗМ. Ортопедическое отделение";"nested data";"nested data";"Тер-Абрамян Давид Рубенович";"главный врач";"мужской";"nested data";"nested data";"nested data";"nested data";"действует";"";"";"";"";"оказываются";"nested data";"Отделение платных услуг в субботние дни работает с 09:00 до 15:00";"";"";"нет";"нет";"nested data";"";"nested data";"";"взрослое";"";"";"{coordinates=[[37.562135708, 55.744625017]], type=MultiPoint}";"{coordinates=[37.562135708, 55.744625017], type=Point}";
"656107613";"";"Стоматологическая поликлиника взрослая";"Государственное автономное учреждение здравоохранения города Москвы «Стоматологическая поликлиника № 35 Департамента здравоохранения города Москвы»";"ГАУЗ СП № 35 ДЗМ";"nested data";"nested data";"Гусев Андрей Борисович";"главный врач";"мужской";"nested data";"nested data";"nested data";"nested data";"действует";"";"";"";"";"оказываются";"nested data";"В воскресные и праздничные дни неотложная стоматологическая помощь с 8:00 до 20:00";"";"";"нет";"да";"nested data";"";"nested data";"Условия приема: Жители Зеленограда (взрослые и дети), проживающие в 8, 9, 10, 11, 12, 14, 15, 16, 18, 20 микрорайонах. По острой боли – все граждане.";"взрослое";"";"";"{coordinates=[[37.15931844, 55.976602505]], type=MultiPoint}";"";
"656107640";"";"Стоматологическая поликлиника взрослая";"Государственное автономное учреждение здравоохранения города Москвы «Стоматологическая поликлиника № 56 Департамента здравоохранения города Москвы»";"ГАУЗ СП № 56 ДЗМ";"nested data";"nested data";"Фирфаров Константин Владимирович";"главный врач";"мужской";"nested data";"nested data";"nested data";"nested data";"действует";"";"";"";"";"оказываются";"nested data";"";"";"";"нет";"нет";"nested data";"";"nested data";"Проезд: м. &quot;Преображенская площадь&quot;, от метро пешком 5-7 минут, либо на трамвае № 36, №11 – ост. «Черкизовская» (2-я остановка)";"взрослое";"";"";"{coordinates=[[37.721660072, 55.801008385]], type=MultiPoint}";"";
"656107751";"";"Стоматологическая поликлиника взрослая";"Государственное автономное учреждение здравоохранения города Москвы «Стоматологическая поликлиника № 48 Департамента здравоохранения города Москвы»";"ГАУЗ СП № 48 ДЗМ";"nested data";"nested data";"Эллер Марина Владимировна";"главный врач";"женский";"nested data";"nested data";"nested data";"nested data";"действует";"";"";"";"";"оказываются";"nested data";"В субботу 9-00 до 18-00 (прием пациентов с острой болью)";"";"";"нет";"нет";"nested data";"";"nested data";"";"взрослое";"";"";"{coordinates=[[37.525150634, 55.645109359]], type=MultiPoint}";"";
"656107807";"";"Стоматологическая поликлиника взрослая";"Государственное автономное учреждение здравоохранения города Москвы «Стоматологическая поликлиника № 27 Департамента здравоохранения города Москвы";"ГАУЗ СП № 27 ДЗМ";"nested data";"nested data";"Коваленко Алексей Николаевич";"главный врач";"мужской";"nested data";"nested data";"nested data";"nested data";"действует";"";"";"";"";"оказываются";"nested data";"";"";"";"нет";"нет";"nested data";"";"nested data";"Проезд: станция метро «Кожуховская», далее пешком, метро «Автозаводская», автобус 186.";"взрослое";"";"";"{coordinates=[[37.676357611, 55.707291817]], type=MultiPoint}";"{coordinates=[37.676357611, 55.707291817], type=Point}";
"656107809";"";"Стоматологическая поликлиника взрослая";"Государственное автономное учреждение здравоохранения города Москвы «Стоматологическая поликлиника № 34 Департамента здравоохранения города Москвы». Ортопедическое отделение";"ГАУЗ СП № 34 ДЗМ. Ортопедическое отделение";"nested data";"nested data";"Крутер Ирина Викторовна";"главный врач";"женский";"nested data";"nested data";"nested data";"nested data";"действует";"";"";"";"";"стоматология терапевтическая, стоматология хирургическая, стоматология пародонтологическая, стоматология ортопедическая, физиотерапевтическое лечение стоматологических заболеваний, R - диагностика";"nested data";"";"";"";"нет";"нет";"nested data";"";"nested data";"";"";"";"";"{coordinates=[[37.749066641, 55.699407203]], type=MultiPoint}";"";
"656107835";"";"Стоматологическая поликлиника взрослая";"Государственное автономное учреждение здравоохранения города Москвы «Стоматологическая поликлиника № 60 Департамента здравоохранения города Москвы»";"ГАУЗ СП № 60 ДЗМ";"nested data";"nested data";"Терняк Евгений Владимирович";"главный врач";"мужской";"nested data";"nested data";"nested data";"nested data";"действует";"";"";"";"";"оказываются";"nested data";"";"";"";"нет";"нет";"nested data";"";"nested data";"Проезд: м. Щукинская, авт. 640, 137, 652, 5 ост. &quot;Стоматологическая п-ка&quot;; трамвай 10, 30, ост. &quot;Почта&quot;.";"взрослое";"";"";"{coordinates=[[37.406638598, 55.797843714]], type=MultiPoint}";"";
"656107870";"";"Стоматологическая поликлиника взрослая";"Государственное автономное учреждение здравоохранения города Москвы «Стоматологическая поликлиника № 12 Департамента здравоохранения города Москвы». Ортопедическое отделение";"ГАУЗ СП № 12 ДЗМ. Ортопедическое отделение";"nested data";"nested data";"Шляхтыч Елена Адамовна";"главный врач";"женский";"nested data";"nested data";"nested data";"nested data";"действует";"";"";"";"";"оказываются";"nested data";"";"";"";"нет";"нет";"nested data";"";"nested data";"";"взрослое";"";"";"{coordinates=[[37.56753643, 55.844865168]], type=MultiPoint}";"";
"656107953";"";"Стоматологическая поликлиника взрослая";"Государственное автономное учреждение здравоохранения города Москвы «Стоматологическая поликлиника № 2 Департамента здравоохранения города Москвы». Подразделение";"ГАУЗ СП № 2 ДЗМ. Подразделение";"nested data";"nested data";"Головичева Людмила Владимировна";"главный врач";"женский";"nested data";"nested data";"nested data";"nested data";"действует";"";"";"";"";"";"nested data";"2-я и 3-я суббота месяца 9:00-18:00";"";"";"нет";"нет";"nested data";"";"nested data";"";"";"";"";"{coordinates=[[37.404301833, 55.648561597]], type=MultiPoint}";"{coordinates=[37.404301833, 55.648561597], type=Point}";
"656107965";"";"Стоматологическая поликлиника взрослая";"Государственное автономное учреждение здравоохранения города Москвы «Стоматологическая поликлиника № 61 Департамента здравоохранения города Москвы»";"ГАУЗ СП № 61 ДЗМ";"nested data";"nested data";"Мунаев Руслан Вахаевич";"главный врач";"мужской";"nested data";"nested data";"nested data";"nested data";"действует";"";"";"";"";"оказываются";"nested data";"";"";"";"нет";"нет";"nested data";"";"nested data";"";"взрослое";"";"";"{coordinates=[[37.584936257, 55.899345662]], type=MultiPoint}";"{coordinates=[37.584936257, 55.899345662], type=Point}";
"841846811";"";"Стоматологическая поликлиника взрослая";"Государственное автономное учреждение здравоохранения города Москвы «Стоматологическая поликлиника № 35 Департамента здравоохранения города Москвы». Терапевтическое отделение №3";"ГАУЗ СП № 35 ДЗМ. Терапевтическое отделение №3";"nested data";"nested data";"Гусев Андрей Борисович";"главный врач";"мужской";"nested data";"nested data";"nested data";"nested data";"действует";"";"";"";"";"";"nested data";"";"";"";"нет";"нет";"nested data";"";"nested data";"";"";"";"";"{coordinates=[[37.238838195, 55.984356005]], type=MultiPoint}";"";
"841846812";"";"Стоматологическая поликлиника взрослая";"Государственное автономное учреждение здравоохранения города Москвы «Стоматологическая поликлиника № 60 Департамента здравоохранения города Москвы». Стоматологическое отделение";"ГАУЗ СП № 60 ДЗМ. Стоматологическое отделение";"nested data";"nested data";"Терняк Евгений Владимирович";"главный врач";"мужской";"nested data";"nested data";"nested data";"nested data";"действует";"";"";"";"";"";"nested data";"";"";"";"нет";"нет";"nested data";"";"nested data";"";"";"";"";"{coordinates=[[37.46707262, 55.783616401]], type=MultiPoint}";"";
"930042889";"";"Стоматологическая поликлиника взрослая";"Государственное автономное учреждение здравоохранения города Москвы «Стоматологическая поликлиника № 64 Департамента здравоохранения города Москвы». Стоматологическое отделение";"ГАУЗ СП № 64 ДЗМ. Стоматологическое отделение";"nested data";"nested data";"Ефремова Елизавета Владимировна";"главный врач";"женский";"nested data";"nested data";"nested data";"nested data";"действует";"";"";"";"";"";"nested data";"";"";"";"нет";"нет";"nested data";"";"nested data";"";"";"";"";"{coordinates=[[37.534677958, 55.549106009]], type=MultiPoint}";"{coordinates=[37.534677958, 55.549106009], type=Point}";
"930042890";"";"Стоматологическая поликлиника взрослая";"Государственное бюджетное учреждение здравоохранения города Москвы «Челюстно-лицевой госпиталь для ветеранов войн Департамента здравоохранения города Москвы». Стоматологическая поликлиника";"ГБУЗ ЧЛГ для ВВ ДЗМ. Стоматологическая поликлиника";"nested data";"nested data";"Бельченко Виктор Алексеевич";"главный врач";"мужской";"nested data";"nested data";"nested data";"nested data";"действует";"";"";"";"";"";"nested data";"Неотложная стоматологическая помощь с 20-00 до 8-00 ежедневно";"";"";"нет";"нет";"nested data";"";"nested data";"";"";"";"";"{coordinates=[[37.615136437, 55.714008926]], type=MultiPoint}";"{coordinates=[37.615136437, 55.714008926], type=Point}";
"930042892";"";"Стоматологическая поликлиника взрослая";"Государственное автономное учреждение здравоохранения города Москвы «Стоматологическая поликлиника № 32 Департамента здравоохранения города Москвы». Стоматологическое отделение";"ГАУЗ СП № 32 ДЗМ. Стоматологическое отделение";"nested data";"nested data";"Уманская Наталия Гульвардовна";"главный врач";"женский";"nested data";"nested data";"nested data";"nested data";"действует";"";"";"";"";"";"nested data";"Суббота - оказание помощи взрослому населению - дежурные врачи: с 9:00 до 18:00";"";"";"нет";"нет";"nested data";"";"nested data";"";"";"";"";"{coordinates=[[37.710301664, 55.872573338]], type=MultiPoint}";"";
"930042893";"";"Стоматологическая поликлиника взрослая";"Государственное автономное учреждение здравоохранения города Москвы «Стоматологическая поликлиника № 11 Департамента здравоохранения города Москвы». Филиал";"ГАУЗ СП № 11 ДЗМ. Филиал";"nested data";"nested data";"Зубкова Яна Юрьевна";"главный врач";"женский";"nested data";"nested data";"nested data";"nested data";"действует";"";"";"";"";"";"nested data";"";"";"";"нет";"нет";"nested data";"";"nested data";"";"";"";"";"{coordinates=[[37.572075739, 55.7896316]], type=MultiPoint}";"";
"930042894";"";"Стоматологическая поликлиника взрослая";"Государственное автономное учреждение здравоохранения города Москвы «Стоматологическая поликлиника № 62 Департамента здравоохранения города Москвы». Стоматологическое отделение";"ГАУЗ СП № 62 ДЗМ. Стоматологическое отделение";"nested data";"nested data";"Новоземцева Татьяна Николаевна";"главный врач";"женский";"nested data";"nested data";"nested data";"nested data";"действует";"";"";"";"";"";"nested data";"";"";"";"нет";"нет";"nested data";"";"nested data";"";"";"";"";"{coordinates=[[37.6535988, 55.590965221]], type=MultiPoint}";"";
"930042895";"";"Стоматологическая поликлиника взрослая";"Государственное автономное учреждение здравоохранения города Москвы «Стоматологическая поликлиника № 4 Департамента здравоохранения города Москвы». Отделение Жулебино";"ГАУЗ СП № 4 ДЗМ. Отделение Жулебино";"nested data";"nested data";"Аперян Манвел Седракович";"главный врач";"мужской";"nested data";"nested data";"nested data";"nested data";"действует";"";"";"";"";"";"nested data";"";"";"";"нет";"нет";"nested data";"";"nested data";"";"";"";"";"{coordinates=[[37.848209157, 55.699260621]], type=MultiPoint}";"";
"930064501";"";"Стоматологическая поликлиника взрослая";"Государственное бюджетное учреждение здравоохранения города Москвы «Больница «Кузнечики» Департамента здравоохранения города Москвы». Стоматологическое отделение";"ГБУЗ Больница «Кузнечики» ДЗМ. Стоматологическое отделение";"nested data";"nested data";"Карпович Александр Викторович";"главный врач";"мужской";"nested data";"nested data";"nested data";"nested data";"действует";"";"";"";"";"";"nested data";"";"";"";"нет";"нет";"nested data";"";"nested data";"";"";"";"";"{coordinates=[[37.510025516, 55.486100916]], type=MultiPoint}";"";
"930064502";"";"Стоматологическая поликлиника взрослая";"Государственное бюджетное учреждение здравоохранения города Москвы «Больница «Кузнечики» Департамента здравоохранения города Москвы». Стоматологический кабинет Кленово";"ГБУЗ Больница «Кузнечики» ДЗМ. Стоматологический кабинет Кленово";"nested data";"nested data";"Карпович Александр Викторович";"главный врач";"мужской";"nested data";"nested data";"nested data";"nested data";"действует";"";"";"";"";"";"nested data";"";"";"";"нет";"нет";"nested data";"";"nested data";"";"";"";"";"{coordinates=[[37.34872283, 55.325674609]], type=MultiPoint}";"";
"930064504";"";"Стоматологическая поликлиника взрослая";"Государственное бюджетное учреждение здравоохранения города Москвы «Троицкая городская больница Департамента здравоохранения города Москвы». Амбулатория «Птичное»";"ГБУЗ ТГБ ДЗМ. Амбулатория Птичное";"nested data";"nested data";"Герасименко Жаннетта Александровна";"главный врач";"женский";"nested data";"nested data";"nested data";"nested data";"действует";"";"";"";"";"";"nested data";"4 суббота месяца: 09:00-15:00";"";"";"нет";"нет";"nested data";"";"nested data";"";"";"";"";"{coordinates=[[37.224761858, 55.51871705]], type=MultiPoint}";"";
"930064505";"";"Стоматологическая поликлиника взрослая";"Государственное бюджетное учреждение здравоохранения города Москвы «Больница «Кузнечики» Департамента здравоохранения города Москвы». Стоматологический кабинет Красная Пахра";"ГБУЗ Больница «Кузнечики» ДЗМ. Стоматологический кабинет Красная Пахра";"nested data";"nested data";"Карпович Александр Викторович";"главный врач";"мужской";"nested data";"nested data";"nested data";"nested data";"действует";"";"";"";"";"";"nested data";"Каждая 3-я суббота с 09:00-15:00";"";"";"нет";"нет";"nested data";"";"nested data";"";"";"";"";"{coordinates=[[37.275345638, 55.431281799]], type=MultiPoint}";"";
"930064511";"";"Стоматологическая поликлиника взрослая";"Государственное бюджетное учреждение здравоохранения города Москвы «Троицкая городская больница Департамента здравоохранения города Москвы». Рудневская амбулатория";"ГБУЗ ТГБ ДЗМ. Рудневская амбулатория";"nested data";"nested data";"Герасименко Жаннетта Александровна";"главный врач";"женский";"nested data";"nested data";"nested data";"nested data";"действует";"";"";"";"";"";"nested data";"";"";"";"нет";"нет";"nested data";"";"nested data";"";"";"";"";"{coordinates=[[36.942228689, 55.464827359]], type=MultiPoint}";"";
"930064512";"";"Стоматологическая поликлиника взрослая";"Государственное бюджетное учреждение здравоохранения города Москвы «Троицкая городская больница филиал № 2 Департамента здравоохранения города Москвы»";"ГБУЗ ТГБ филиал № 2 ДЗМ";"nested data";"nested data";"Герасименко Жаннетта Александровна";"главный врач";"женский";"nested data";"nested data";"nested data";"nested data";"действует";"";"";"";"";"";"nested data";"1 и 3 субботы месяца: 09:00-15:00";"";"";"нет";"нет";"nested data";"";"nested data";"";"";"";"";"{coordinates=[[37.476582, 55.563974192]], type=MultiPoint}";"";
"930064514";"";"Стоматологическая поликлиника взрослая";"Государственное бюджетное учреждение здравоохранения города Москвы «Троицкая городская больница филиал № 1 - Ватутинская поликлиника Департамента здравоохранения города Москвы». Стоматологическое отделение";"ГБУЗ ТГБ филиал № 1 Ватутинская поликлиника ДЗМ. Стоматологическое отделение";"nested data";"nested data";"Герасименко Жаннетта Александровна";"главный врач";"женский";"nested data";"nested data";"nested data";"nested data";"действует";"";"";"";"";"";"nested data";"2 и 4 суббота месяца: 9:00-15:00";"";"";"нет";"нет";"nested data";"";"nested data";"";"";"";"";"{coordinates=[[37.351179733, 55.519729542]], type=MultiPoint}";"";
"930064515";"";"Стоматологическая поликлиника взрослая";"Государственное бюджетное учреждение здравоохранения города Москвы «Троицкая городская больница Департамента здравоохранения города Москвы». Амбулатория «Первомайское»";"ГБУЗ ТГБ ДЗМ. Амбулатория Первомайское";"nested data";"nested data";"Герасименко Жаннетта Александровна";"главный врач";"женский";"nested data";"nested data";"nested data";"nested data";"действует";"";"";"";"";"";"nested data";"";"";"";"нет";"нет";"nested data";"";"nested data";"";"";"";"";"{coordinates=[[37.162464871, 55.534741136]], type=MultiPoint}";"";
"930064516";"";"Стоматологическая поликлиника взрослая";"Государственное бюджетное учреждение здравоохранения города Москвы «Больница «Кузнечики» Департамента здравоохранения города Москвы». Стоматологический кабинет Знамя Октября";"ГБУЗ Больница «Кузнечики» ДЗМ. Стоматологический кабинет Знамя Октября";"nested data";"nested data";"Карпович Александр Викторович";"главный врач";"мужской";"nested data";"nested data";"nested data";"nested data";"действует";"";"";"";"";"";"nested data";"Каждая 2 и 3 субботы: 09:00-15:00";"";"";"нет";"нет";"nested data";"";"nested data";"";"";"";"";"{coordinates=[[37.536627665, 55.474214483]], type=MultiPoint}";"";
"930243016";"";"Стоматологическая поликлиника взрослая";"Государственное автономное учреждение здравоохранения города Москвы «Стоматологическая поликлиника № 51 Департамента здравоохранения города Москвы». Стоматологическое отделение Капотня";"ГАУЗ СП № 51 ДЗМ. Стоматологическое отделение Капотня";"nested data";"nested data";"Басова Александра Анатольевна";"главный врач";"женский";"nested data";"nested data";"nested data";"nested data";"действует";"";"";"";"";"";"nested data";"";"";"";"нет";"нет";"nested data";"";"nested data";"";"";"";"";"{coordinates=[[37.80292515, 55.637495832]], type=MultiPoint}";"";
"2608406754";"";"Стоматологическая поликлиника взрослая";"Государственное автономное учреждение здравоохранения города Москвы «Стоматологическая поликлиника № 65 Департамента здравоохранения города Москвы»";"ГАУЗ СП № 65 ДЗМ";"nested data";"nested data";"Бостанджян Тигран Марленович";"главный врач";"мужской";"nested data";"nested data";"nested data";"nested data";"действует";"";"";"";"";"оказываются";"nested data";"выходные и праздничные дни - оказание неотложной помощи 8.00 - 20.00";"";"";"нет";"да";"nested data";"";"nested data";"Проезд: м. &quot;Митино&quot;, далее пешком; М. «Тушинская», авт. № 266 до ост. «Магазин салон Русский мех»";"взрослое";"";"";"{coordinates=[[37.352002553, 55.847690965], [37.391333461, 55.893976209]], type=MultiPoint}";"";
"2608406757";"";"Стоматологическая поликлиника взрослая";"Государственное бюджетное учреждение здравоохранения города Москвы «Троицкая городская больница Департамента здравоохранения города Москвы». Стоматологическое отделение";"ГБУЗ ТГБ ДЗМ. Стоматологическое отделение";"nested data";"nested data";"Герасименко Жаннетта Александровна";"главный врач";"женский";"nested data";"nested data";"nested data";"nested data";"действует";"";"";"";"";"";"nested data";"";"";"";"нет";"нет";"nested data";"";"nested data";"";"";"";"";"{coordinates=[[37.300194727, 55.47270414], [37.45715344, 55.523687934]], type=MultiPoint}";"";
"2608406758";"";"Стоматологическая поликлиника взрослая";"Государственное бюджетное учреждение здравоохранения города Москвы «Городская больница города Московский Департамента здравоохранения города Москвы». Стоматологическое отделение";"ГБУЗ ГБ г. Московский ДЗМ. Стоматологическое отделение";"nested data";"nested data";"Абраамян Будён Анушаванович";"главный врач";"мужской";"nested data";"nested data";"nested data";"nested data";"действует";"";"";"";"";"";"nested data";"";"";"";"нет";"нет";"nested data";"";"nested data";"";"";"";"";"{coordinates=[[37.322902185, 55.548012714], [37.168874176, 55.604128688], [37.345992341, 55.59689787], [37.107458952, 55.593551198]], type=MultiPoint}";"";
"2608511111";"";"Стоматологическая поликлиника взрослая";"Государственное бюджетное учреждение здравоохранения города Москвы «Больница «Кузнечики» Департамента здравоохранения города Москвы». Стоматологический кабинет Шишкин Лес";"ГБУЗ Больница «Кузнечики» ДЗМ. Стоматологический кабинет Шишкин Лес";"nested data";"nested data";"Карпович Александр Викторович";"главный врач";"мужской";"nested data";"nested data";"nested data";"nested data";"действует";"";"";"";"";"";"nested data";"";"";"";"нет";"нет";"nested data";"";"nested data";"";"";"";"";"{coordinates=[[37.18252243, 55.41293275]], type=MultiPoint}";"";
"2608511113";"";"Стоматологическая поликлиника взрослая";"Государственное бюджетное учреждение здравоохранения города Москвы «Вороновская больница Департамента здравоохранения города Москвы». Стоматологическое отделение";"ГБУЗ Вороновская больница ДЗМ. Стоматологическое отделение";"nested data";"nested data";"Гурин Александр Анатольевич";"главный врач";"мужской";"nested data";"nested data";"nested data";"nested data";"действует";"";"";"";"";"";"nested data";"";"";"";"нет";"нет";"nested data";"";"nested data";"";"";"";"";"{coordinates=[[37.073234952, 55.212949554], [37.182608261, 55.318458868]], type=MultiPoint}";"";
